{"cameraMode":{"drawMode":0,"name":"Shaded","section":"Shading Mode"},"sceneLighting":true,"audioPlay":false,"sceneViewState":{"showFog":true,"showMaterialUpdate":false,"showSkybox":true,"showFlares":true,"showImageEffects":true,"showParticleSystems":true},"in2DMode":false,"pivot":{"x":680.4602661132813,"y":336.5548095703125,"z":127.595458984375},"rotation":{"x":0.11104284971952439,"y":0.025647658854722978,"z":-0.002866687485948205,"w":0.9934805035591126},"size":1287.264892578125,"orthographic":false}